,Survived,Pclass,COLUMNA,Sex,Age,SibSp,Parch,Ticket,Fare,Cabin,Embarked,nueva
3,1,1,9,female,35.0,1,0,113803,53.1,C123,S,hola
4,0,3,9,male,90.0,0,90,373450,90.0,8,90,hola
5,0,3,9,male,,0,0,330877,8.4583,8,Q,hola
6,0,1,9,male,90.0,0,90,17463,90.0,E46,90,hola
7,0,3,9,male,2.0,3,1,349909,21.075,8,S,hola
8,1,3,9,female,90.0,0,90,347742,90.0,8,90,hola
9,1,2,9,female,14.0,1,0,237736,30.0708,8,C,hola
10,1,3,9,female,90.0,1,90,PP 9549,90.0,G6,90,hola
11,1,1,9,female,58.0,0,0,113783,26.55,C103,S,hola
12,0,3,9,male,20.0,0,0,A/5. 2151,8.05,8,S,hola
13,0,3,9,male,39.0,1,5,347082,31.275,8,S,hola
14,0,3,9,female,14.0,0,0,350406,7.8542,8,S,hola
15,1,2,9,female,55.0,0,0,248706,16.0,8,S,hola
16,0,3,9,male,2.0,4,1,382652,29.125,8,Q,hola
17,1,2,9,male,,0,0,244373,13.0,8,S,hola
18,0,3,9,female,31.0,1,0,345763,18.0,8,S,hola
19,1,3,9,female,,0,0,2649,7.225,8,C,hola
20,0,2,9,male,35.0,0,0,239865,26.0,8,S,hola
21,1,2,9,male,34.0,0,0,248698,13.0,D56,S,hola
22,1,3,9,female,15.0,0,0,330923,8.0292,8,Q,hola
23,1,1,9,male,28.0,0,0,113788,35.5,A6,S,hola
24,0,3,9,female,8.0,3,1,349909,21.075,8,S,hola
25,1,3,9,female,38.0,1,5,347077,31.3875,8,S,hola
26,0,3,9,male,,0,0,2631,7.225,8,C,hola
27,0,1,9,male,19.0,3,2,19950,263.0,C23 C25 C27,S,hola
28,1,3,9,female,,0,0,330959,7.8792,8,Q,hola
29,0,3,9,male,,0,0,349216,7.8958,8,S,hola
30,0,1,9,male,40.0,0,0,PC 17601,27.7208,8,C,hola
31,1,1,9,female,,1,0,PC 17569,146.5208,B78,C,hola
32,1,3,9,female,,0,0,335677,7.75,8,Q,hola
33,0,2,9,male,66.0,0,0,C.A. 24579,10.5,8,S,hola
34,0,1,9,male,28.0,1,0,PC 17604,82.1708,8,C,hola
35,0,1,9,male,42.0,1,0,113789,52.0,8,S,hola
36,1,3,9,male,,0,0,2677,7.2292,8,C,hola
37,0,3,9,male,21.0,0,0,A./5. 2152,8.05,8,S,hola
38,0,3,9,female,18.0,2,0,345764,18.0,8,S,hola
39,1,3,9,female,14.0,1,0,2651,11.2417,8,C,hola
40,0,3,9,female,40.0,1,0,7546,9.475,8,S,hola
41,0,2,9,female,27.0,1,0,11668,21.0,8,S,hola
42,0,3,9,male,,0,0,349253,7.8958,8,C,hola
43,1,2,9,female,3.0,1,2,SC/Paris 2123,41.5792,8,C,hola
44,1,3,9,female,19.0,0,0,330958,7.8792,8,Q,hola
45,0,3,9,male,,0,0,S.C./A.4. 23567,8.05,8,S,hola
46,0,3,9,male,,1,0,370371,15.5,8,Q,hola
47,1,3,9,female,,0,0,14311,7.75,8,Q,hola
48,0,3,9,male,,2,0,2662,21.6792,8,C,hola
49,0,3,9,female,18.0,1,0,349237,17.8,8,S,hola
50,0,3,9,male,7.0,4,1,3101295,39.6875,8,S,hola
51,0,3,9,male,21.0,0,0,A/4. 39886,7.8,8,S,hola
52,1,1,9,female,49.0,1,0,PC 17572,76.7292,D33,C,hola
53,1,2,9,female,29.0,1,0,2926,26.0,8,S,hola
54,0,1,9,male,65.0,0,1,113509,61.9792,B30,C,hola
55,1,1,9,male,,0,0,19947,35.5,C52,S,hola
56,1,2,9,female,21.0,0,0,C.A. 31026,10.5,8,S,hola
57,0,3,9,male,28.5,0,0,2697,7.2292,8,C,hola
58,1,2,9,female,5.0,1,2,C.A. 34651,27.75,8,S,hola
59,0,3,9,male,11.0,5,2,CA 2144,46.9,8,S,hola
60,0,3,9,male,22.0,0,0,2669,7.2292,8,C,hola
61,1,1,9,female,38.0,0,0,113572,80.0,B28,,hola
62,0,1,9,male,45.0,1,0,36973,83.475,C83,S,hola
63,0,3,9,male,4.0,3,2,347088,27.9,8,S,hola
64,0,1,9,male,,0,0,PC 17605,27.7208,8,C,hola
65,1,3,9,male,,1,1,2661,15.2458,8,C,hola
66,1,2,9,female,29.0,0,0,C.A. 29395,10.5,F33,S,hola
67,0,3,9,male,19.0,0,0,S.P. 3464,8.1583,8,S,hola
68,1,3,9,female,17.0,4,2,3101281,7.925,8,S,hola
69,0,3,9,male,26.0,2,0,315151,8.6625,8,S,hola
70,0,2,9,male,32.0,0,0,C.A. 33111,10.5,8,S,hola
71,0,3,9,female,16.0,5,2,CA 2144,46.9,8,S,hola
72,0,2,9,male,21.0,0,0,S.O.C. 14879,73.5,8,S,hola
73,0,3,9,male,26.0,1,0,2680,14.4542,8,C,hola
74,1,3,9,male,32.0,0,0,1601,56.4958,8,S,hola
75,0,3,9,male,25.0,0,0,348123,7.65,F G73,S,hola
76,0,3,9,male,,0,0,349208,7.8958,8,S,hola
77,0,3,9,male,,0,0,374746,8.05,8,S,hola
78,1,2,9,male,0.83,0,2,248738,29.0,8,S,hola
79,1,3,9,female,30.0,0,0,364516,12.475,8,S,hola
80,0,3,9,male,22.0,0,0,345767,9.0,8,S,hola
81,1,3,9,male,29.0,0,0,345779,9.5,8,S,hola
82,1,3,9,female,,0,0,330932,7.7875,8,Q,hola
83,0,1,9,male,28.0,0,0,113059,47.1,8,S,hola
84,1,2,9,female,17.0,0,0,SO/C 14885,10.5,8,S,hola
85,1,3,9,female,33.0,3,0,3101278,15.85,8,S,hola
86,0,3,9,male,16.0,1,3,W./C. 6608,34.375,8,S,hola
87,0,3,9,male,,0,0,SOTON/OQ 392086,8.05,8,S,hola
88,1,1,9,female,23.0,3,2,19950,263.0,C23 C25 C27,S,hola
89,0,3,9,male,24.0,0,0,343275,8.05,8,S,hola
90,0,3,9,male,29.0,0,0,343276,8.05,8,S,hola
91,0,3,9,male,20.0,0,0,347466,7.8542,8,S,hola
92,0,1,9,male,46.0,1,0,W.E.P. 5734,61.175,E31,S,hola
93,0,3,9,male,26.0,1,2,C.A. 2315,20.575,8,S,hola
94,0,3,9,male,59.0,0,0,364500,7.25,8,S,hola
95,0,3,9,male,,0,0,374910,8.05,8,S,hola
96,0,1,9,male,71.0,0,0,PC 17754,34.6542,A5,C,hola
97,1,1,9,male,23.0,0,1,PC 17759,63.3583,D10 D12,C,hola
98,1,2,9,female,34.0,0,1,231919,23.0,8,S,hola
99,0,2,9,male,34.0,1,0,244367,26.0,8,S,hola
100,0,3,9,female,28.0,0,0,349245,7.8958,8,S,hola
101,0,3,9,male,,0,0,349215,7.8958,8,S,hola
102,0,1,9,male,21.0,0,1,35281,77.2875,D26,S,hola
103,0,3,9,male,33.0,0,0,7540,8.6542,8,S,hola
104,0,3,9,male,37.0,2,0,3101276,7.925,8,S,hola
105,0,3,9,male,28.0,0,0,349207,7.8958,8,S,hola
106,1,3,9,female,21.0,0,0,343120,7.65,8,S,hola
107,1,3,9,male,,0,0,312991,7.775,8,S,hola
108,0,3,9,male,38.0,0,0,349249,7.8958,8,S,hola
109,1,3,9,female,,1,0,371110,24.15,8,Q,hola
110,0,1,9,male,47.0,0,0,110465,52.0,C110,S,hola
111,0,3,9,female,14.5,1,0,2665,14.4542,8,C,hola
112,0,3,9,male,22.0,0,0,324669,8.05,8,S,hola
113,0,3,9,female,20.0,1,0,4136,9.825,8,S,hola
114,0,3,9,female,17.0,0,0,2627,14.4583,8,C,hola
115,0,3,9,male,21.0,0,0,STON/O 2. 3101294,7.925,8,S,hola
116,0,3,9,male,70.5,0,0,370369,7.75,8,Q,hola
117,0,2,9,male,29.0,1,0,11668,21.0,8,S,hola
118,0,1,9,male,24.0,0,1,PC 17558,247.5208,B58 B60,C,hola
119,0,3,9,female,2.0,4,2,347082,31.275,8,S,hola
120,0,2,9,male,21.0,2,0,S.O.C. 14879,73.5,8,S,hola
121,0,3,9,male,,0,0,A4. 54510,8.05,8,S,hola
122,0,2,9,male,32.5,1,0,237736,30.0708,8,C,hola
123,1,2,9,female,32.5,0,0,27267,13.0,E101,S,hola
124,0,1,9,male,54.0,0,1,35281,77.2875,D26,S,hola
125,1,3,9,male,12.0,1,0,2651,11.2417,8,C,hola
126,0,3,9,male,,0,0,370372,7.75,8,Q,hola
127,1,3,9,male,24.0,0,0,C 17369,7.1417,8,S,hola
128,1,3,9,female,,1,1,2668,22.3583,F E69,C,hola
129,0,3,9,male,45.0,0,0,347061,6.975,8,S,hola
130,0,3,9,male,33.0,0,0,349241,7.8958,8,C,hola
131,0,3,9,male,20.0,0,0,SOTON/O.Q. 3101307,7.05,8,S,hola
132,0,3,9,female,47.0,1,0,A/5. 3337,14.5,8,S,hola
133,1,2,9,female,29.0,1,0,228414,26.0,8,S,hola
134,0,2,9,male,25.0,0,0,C.A. 29178,13.0,8,S,hola
135,0,2,9,male,23.0,0,0,SC/PARIS 2133,15.0458,8,C,hola
136,1,1,9,female,19.0,0,2,11752,26.2833,D47,S,hola
137,0,1,9,male,37.0,1,0,113803,53.1,C123,S,hola
138,0,3,9,male,16.0,0,0,7534,9.2167,8,S,hola
139,0,1,9,male,24.0,0,0,PC 17593,79.2,B86,C,hola
140,0,3,9,female,,0,2,2678,15.2458,8,C,hola
141,1,3,9,female,22.0,0,0,347081,7.75,8,S,hola
142,1,3,9,female,24.0,1,0,STON/O2. 3101279,15.85,8,S,hola
143,0,3,9,male,19.0,0,0,365222,6.75,8,Q,hola
144,0,2,9,male,18.0,0,0,231945,11.5,8,S,hola
145,0,2,9,male,19.0,1,1,C.A. 33112,36.75,8,S,hola
146,1,3,9,male,27.0,0,0,350043,7.7958,8,S,hola
147,0,3,9,female,9.0,2,2,W./C. 6608,34.375,8,S,hola
148,0,2,9,male,36.5,0,2,230080,26.0,F2,S,hola
149,0,2,9,male,42.0,0,0,244310,13.0,8,S,hola
150,0,2,9,male,51.0,0,0,S.O.P. 1166,12.525,8,S,hola
151,1,1,9,female,22.0,1,0,113776,66.6,C2,S,hola
152,0,3,9,male,55.5,0,0,A.5. 11206,8.05,8,S,hola
153,0,3,9,male,40.5,0,2,A/5. 851,14.5,8,S,hola
154,0,3,9,male,,0,0,Fa 265302,7.3125,8,S,hola
155,0,1,9,male,51.0,0,1,PC 17597,61.3792,8,C,hola
156,1,3,9,female,16.0,0,0,35851,7.7333,8,Q,hola
157,0,3,9,male,30.0,0,0,SOTON/OQ 392090,8.05,8,S,hola
158,0,3,9,male,,0,0,315037,8.6625,8,S,hola
159,0,3,9,male,,8,2,CA. 2343,69.55,8,S,hola
160,0,3,9,male,44.0,0,1,371362,16.1,8,S,hola
161,1,2,9,female,40.0,0,0,C.A. 33595,15.75,8,S,hola
162,0,3,9,male,26.0,0,0,347068,7.775,8,S,hola
163,0,3,9,male,17.0,0,0,315093,8.6625,8,S,hola
164,0,3,9,male,1.0,4,1,3101295,39.6875,8,S,hola
165,1,3,9,male,9.0,0,2,363291,20.525,8,S,hola
166,1,1,9,female,,0,1,113505,55.0,E33,S,hola
167,0,3,9,female,45.0,1,4,347088,27.9,8,S,hola
168,0,1,9,male,,0,0,PC 17318,25.925,8,S,hola
169,0,3,9,male,28.0,0,0,1601,56.4958,8,S,hola
170,0,1,9,male,61.0,0,0,111240,33.5,B19,S,hola
171,0,3,9,male,4.0,4,1,382652,29.125,8,Q,hola
172,1,3,9,female,1.0,1,1,347742,11.1333,8,S,hola
173,0,3,9,male,21.0,0,0,STON/O 2. 3101280,7.925,8,S,hola
174,0,1,9,male,56.0,0,0,17764,30.6958,A7,C,hola
175,0,3,9,male,18.0,1,1,350404,7.8542,8,S,hola
176,0,3,9,male,,3,1,4133,25.4667,8,S,hola
177,0,1,9,female,50.0,0,0,PC 17595,28.7125,C49,C,hola
178,0,2,9,male,30.0,0,0,250653,13.0,8,S,hola
179,0,3,9,male,36.0,0,0,LINE,0.0,8,S,hola
180,0,3,9,female,,8,2,CA. 2343,69.55,8,S,hola
181,0,2,9,male,,0,0,SC/PARIS 2131,15.05,8,C,hola
182,0,3,9,male,9.0,4,2,347077,31.3875,8,S,hola
183,1,2,9,male,1.0,2,1,230136,39.0,F4,S,hola
184,1,3,9,female,4.0,0,2,315153,22.025,8,S,hola
185,0,1,9,male,,0,0,113767,50.0,A32,S,hola
186,1,3,9,female,,1,0,370365,15.5,8,Q,hola
187,1,1,9,male,45.0,0,0,111428,26.55,8,S,hola
188,0,3,9,male,40.0,1,1,364849,15.5,8,Q,hola
189,0,3,9,male,36.0,0,0,349247,7.8958,8,S,hola
190,1,2,9,female,32.0,0,0,234604,13.0,8,S,hola
191,0,2,9,male,19.0,0,0,28424,13.0,8,S,hola
192,1,3,9,female,19.0,1,0,350046,7.8542,8,S,hola
193,1,2,9,male,3.0,1,1,230080,26.0,F2,S,hola
194,1,1,9,female,44.0,0,0,PC 17610,27.7208,B4,C,hola
195,1,1,9,female,58.0,0,0,PC 17569,146.5208,B80,C,hola
196,0,3,9,male,,0,0,368703,7.75,8,Q,hola
197,0,3,9,male,42.0,0,1,4579,8.4042,8,S,hola
198,1,3,9,female,,0,0,370370,7.75,8,Q,hola
199,0,2,9,female,24.0,0,0,248747,13.0,8,S,hola
200,0,3,9,male,28.0,0,0,345770,9.5,8,S,hola
201,0,3,9,male,,8,2,CA. 2343,69.55,8,S,hola
202,0,3,9,male,34.0,0,0,3101264,6.4958,8,S,hola
203,0,3,9,male,45.5,0,0,2628,7.225,8,C,hola
204,1,3,9,male,18.0,0,0,A/5 3540,8.05,8,S,hola
205,0,3,9,female,2.0,0,1,347054,10.4625,G6,S,hola
206,0,3,9,male,32.0,1,0,3101278,15.85,8,S,hola
207,1,3,9,male,26.0,0,0,2699,18.7875,8,C,hola
208,1,3,9,female,16.0,0,0,367231,7.75,8,Q,hola
209,1,1,9,male,40.0,0,0,112277,31.0,A31,C,hola
210,0,3,9,male,24.0,0,0,SOTON/O.Q. 3101311,7.05,8,S,hola
211,1,2,9,female,35.0,0,0,F.C.C. 13528,21.0,8,S,hola
212,0,3,9,male,22.0,0,0,A/5 21174,7.25,8,S,hola
213,0,2,9,male,30.0,0,0,250646,13.0,8,S,hola
214,0,3,9,male,,1,0,367229,7.75,8,Q,hola
215,1,1,9,female,31.0,1,0,35273,113.275,D36,C,hola
216,1,3,9,female,27.0,0,0,STON/O2. 3101283,7.925,8,S,hola
217,0,2,9,male,42.0,1,0,243847,27.0,8,S,hola
218,1,1,9,female,32.0,0,0,11813,76.2917,D15,C,hola
219,0,2,9,male,30.0,0,0,W/C 14208,10.5,8,S,hola
220,1,3,9,male,16.0,0,0,SOTON/OQ 392089,8.05,8,S,hola
221,0,2,9,male,27.0,0,0,220367,13.0,8,S,hola
222,0,3,9,male,51.0,0,0,21440,8.05,8,S,hola
223,0,3,9,male,,0,0,349234,7.8958,8,S,hola
224,1,1,9,male,38.0,1,0,19943,90.0,C93,S,hola
225,0,3,9,male,22.0,0,0,PP 4348,9.35,8,S,hola
226,1,2,9,male,19.0,0,0,SW/PP 751,10.5,8,S,hola
227,0,3,9,male,20.5,0,0,A/5 21173,7.25,8,S,hola
228,0,2,9,male,18.0,0,0,236171,13.0,8,S,hola
229,0,3,9,female,,3,1,4133,25.4667,8,S,hola
230,1,1,9,female,35.0,1,0,36973,83.475,C83,S,hola
231,0,3,9,male,29.0,0,0,347067,7.775,8,S,hola
232,0,2,9,male,59.0,0,0,237442,13.5,8,S,hola
233,1,3,9,female,5.0,4,2,347077,31.3875,8,S,hola
234,0,2,9,male,24.0,0,0,C.A. 29566,10.5,8,S,hola
235,0,3,9,female,,0,0,W./C. 6609,7.55,8,S,hola
236,0,2,9,male,44.0,1,0,26707,26.0,8,S,hola
237,1,2,9,female,8.0,0,2,C.A. 31921,26.25,8,S,hola
238,0,2,9,male,19.0,0,0,28665,10.5,8,S,hola
239,0,2,9,male,33.0,0,0,SCO/W 1585,12.275,8,S,hola
240,0,3,9,female,,1,0,2665,14.4542,8,C,hola
241,1,3,9,female,,1,0,367230,15.5,8,Q,hola
242,0,2,9,male,29.0,0,0,W./C. 14263,10.5,8,S,hola
243,0,3,9,male,22.0,0,0,STON/O 2. 3101275,7.125,8,S,hola
244,0,3,9,male,30.0,0,0,2694,7.225,8,C,hola
245,0,1,9,male,44.0,2,0,19928,90.0,C78,Q,hola
246,0,3,9,female,25.0,0,0,347071,7.775,8,S,hola
247,1,2,9,female,24.0,0,2,250649,14.5,8,S,hola
248,1,1,9,male,37.0,1,1,11751,52.5542,D35,S,hola
249,0,2,9,male,54.0,1,0,244252,26.0,8,S,hola
250,0,3,9,male,,0,0,362316,7.25,8,S,hola
251,0,3,9,female,29.0,1,1,347054,10.4625,G6,S,hola
252,0,1,9,male,62.0,0,0,113514,26.55,C87,S,hola
253,0,3,9,male,30.0,1,0,A/5. 3336,16.1,8,S,hola
254,0,3,9,female,41.0,0,2,370129,20.2125,8,S,hola
255,1,3,9,female,29.0,0,2,2650,15.2458,8,C,hola
256,1,1,9,female,,0,0,PC 17585,79.2,8,C,hola
257,1,1,9,female,30.0,0,0,110152,86.5,B77,S,hola
258,1,1,9,female,35.0,0,0,PC 17755,512.3292,8,C,hola
259,1,2,9,female,50.0,0,1,230433,26.0,8,S,hola
260,0,3,9,male,,0,0,384461,7.75,8,Q,hola
261,1,3,9,male,3.0,4,2,347077,31.3875,8,S,hola
262,0,1,9,male,52.0,1,1,110413,79.65,E67,S,hola
263,0,1,9,male,40.0,0,0,112059,0.0,B94,S,hola
264,0,3,9,female,,0,0,382649,7.75,8,Q,hola
265,0,2,9,male,36.0,0,0,C.A. 17248,10.5,8,S,hola
266,0,3,9,male,16.0,4,1,3101295,39.6875,8,S,hola
267,1,3,9,male,25.0,1,0,347083,7.775,8,S,hola
268,1,1,9,female,58.0,0,1,PC 17582,153.4625,C125,S,hola
269,1,1,9,female,35.0,0,0,PC 17760,135.6333,C99,S,hola
270,0,1,9,male,,0,0,113798,31.0,8,S,hola
271,1,3,9,male,25.0,0,0,LINE,0.0,8,S,hola
272,1,2,9,female,41.0,0,1,250644,19.5,8,S,hola
273,0,1,9,male,37.0,0,1,PC 17596,29.7,C118,C,hola
274,1,3,9,female,,0,0,370375,7.75,8,Q,hola
275,1,1,9,female,63.0,1,0,13502,77.9583,D7,S,hola
276,0,3,9,female,45.0,0,0,347073,7.75,8,S,hola
277,0,2,9,male,,0,0,239853,0.0,8,S,hola
278,0,3,9,male,7.0,4,1,382652,29.125,8,Q,hola
279,1,3,9,female,35.0,1,1,C.A. 2673,20.25,8,S,hola
280,0,3,9,male,65.0,0,0,336439,7.75,8,Q,hola
281,0,3,9,male,28.0,0,0,347464,7.8542,8,S,hola
282,0,3,9,male,16.0,0,0,345778,9.5,8,S,hola
283,1,3,9,male,19.0,0,0,A/5. 10482,8.05,8,S,hola
284,0,1,9,male,,0,0,113056,26.0,A19,S,hola
285,0,3,9,male,33.0,0,0,349239,8.6625,8,C,hola
286,1,3,9,male,30.0,0,0,345774,9.5,8,S,hola
287,0,3,9,male,22.0,0,0,349206,7.8958,8,S,hola
288,1,2,9,male,42.0,0,0,237798,13.0,8,S,hola
289,1,3,9,female,22.0,0,0,370373,7.75,8,Q,hola
290,1,1,9,female,26.0,0,0,19877,78.85,8,S,hola
291,1,1,9,female,19.0,1,0,11967,91.0792,B49,C,hola
292,0,2,9,male,36.0,0,0,SC/Paris 2163,12.875,D,C,hola
293,0,3,9,female,24.0,0,0,349236,8.85,8,S,hola
294,0,3,9,male,24.0,0,0,349233,7.8958,8,S,hola
295,0,1,9,male,,0,0,PC 17612,27.7208,8,C,hola
296,0,3,9,male,23.5,0,0,2693,7.2292,8,C,hola
297,0,1,9,female,2.0,1,2,113781,151.55,C22 C26,S,hola
298,1,1,9,male,,0,0,19988,30.5,C106,S,hola
299,1,1,9,female,50.0,0,1,PC 17558,247.5208,B58 B60,C,hola
300,1,3,9,female,,0,0,9234,7.75,8,Q,hola
301,1,3,9,male,,2,0,367226,23.25,8,Q,hola
302,0,3,9,male,19.0,0,0,LINE,0.0,8,S,hola
303,1,2,9,female,,0,0,226593,12.35,E101,Q,hola
304,0,3,9,male,,0,0,A/5 2466,8.05,8,S,hola
305,1,1,9,male,0.92,1,2,113781,151.55,C22 C26,S,hola
306,1,1,9,female,,0,0,17421,110.8833,8,C,hola
307,1,1,9,female,17.0,1,0,PC 17758,108.9,C65,C,hola
308,0,2,9,male,30.0,1,0,P/PP 3381,24.0,8,C,hola
309,1,1,9,female,30.0,0,0,PC 17485,56.9292,E36,C,hola
310,1,1,9,female,24.0,0,0,11767,83.1583,C54,C,hola
311,1,1,9,female,18.0,2,2,PC 17608,262.375,B57 B59 B63 B66,C,hola
312,0,2,9,female,26.0,1,1,250651,26.0,8,S,hola
313,0,3,9,male,28.0,0,0,349243,7.8958,8,S,hola
314,0,2,9,male,43.0,1,1,F.C.C. 13529,26.25,8,S,hola
315,1,3,9,female,26.0,0,0,347470,7.8542,8,S,hola
316,1,2,9,female,24.0,1,0,244367,26.0,8,S,hola
317,0,2,9,male,54.0,0,0,29011,14.0,8,S,hola
318,1,1,9,female,31.0,0,2,36928,164.8667,C7,S,hola
319,1,1,9,female,40.0,1,1,16966,134.5,E34,C,hola
320,0,3,9,male,22.0,0,0,A/5 21172,7.25,8,S,hola
321,0,3,9,male,27.0,0,0,349219,7.8958,8,S,hola
322,1,2,9,female,30.0,0,0,234818,12.35,8,Q,hola
323,1,2,9,female,22.0,1,1,248738,29.0,8,S,hola
324,0,3,9,male,,8,2,CA. 2343,69.55,8,S,hola
325,1,1,9,female,36.0,0,0,PC 17760,135.6333,C32,C,hola
326,0,3,9,male,61.0,0,0,345364,6.2375,8,S,hola
327,1,2,9,female,36.0,0,0,28551,13.0,D,S,hola
328,1,3,9,female,31.0,1,1,363291,20.525,8,S,hola
329,1,1,9,female,16.0,0,1,111361,57.9792,B18,C,hola
330,1,3,9,female,,2,0,367226,23.25,8,Q,hola
331,0,1,9,male,45.5,0,0,113043,28.5,C124,S,hola
332,0,1,9,male,38.0,0,1,PC 17582,153.4625,C91,S,hola
333,0,3,9,male,16.0,2,0,345764,18.0,8,S,hola
334,1,1,9,female,,1,0,PC 17611,133.65,8,S,hola
335,0,3,9,male,,0,0,349225,7.8958,8,S,hola
336,0,1,9,male,29.0,1,0,113776,66.6,C2,S,hola
337,1,1,9,female,41.0,0,0,16966,134.5,E40,C,hola
338,1,3,9,male,45.0,0,0,7598,8.05,8,S,hola
339,0,1,9,male,45.0,0,0,113784,35.5,T,S,hola
340,1,2,9,male,2.0,1,1,230080,26.0,F2,S,hola
341,1,1,9,female,24.0,3,2,19950,263.0,C23 C25 C27,S,hola
342,0,2,9,male,28.0,0,0,248740,13.0,8,S,hola
343,0,2,9,male,25.0,0,0,244361,13.0,8,S,hola
344,0,2,9,male,36.0,0,0,229236,13.0,8,S,hola
345,1,2,9,female,24.0,0,0,248733,13.0,F33,S,hola
346,1,2,9,female,40.0,0,0,31418,13.0,8,S,hola
347,1,3,9,female,,1,0,386525,16.1,8,S,hola
348,1,3,9,male,3.0,1,1,C.A. 37671,15.9,8,S,hola
349,0,3,9,male,42.0,0,0,315088,8.6625,8,S,hola
350,0,3,9,male,23.0,0,0,7267,9.225,8,S,hola
351,0,1,9,male,,0,0,113510,35.0,C128,S,hola
352,0,3,9,male,15.0,1,1,2695,7.2292,8,C,hola
353,0,3,9,male,25.0,1,0,349237,17.8,8,S,hola
354,0,3,9,male,,0,0,2647,7.225,8,C,hola
355,0,3,9,male,28.0,0,0,345783,9.5,8,S,hola
356,1,1,9,female,22.0,0,1,113505,55.0,E33,S,hola
357,0,2,9,female,38.0,0,0,237671,13.0,8,S,hola
358,1,3,9,female,,0,0,330931,7.8792,8,Q,hola
359,1,3,9,female,,0,0,330980,7.8792,8,Q,hola
360,0,3,9,male,40.0,1,4,347088,27.9,8,S,hola
361,0,2,9,male,29.0,1,0,SC/PARIS 2167,27.7208,8,C,hola
362,0,3,9,female,45.0,0,1,2691,14.4542,8,C,hola
363,0,3,9,male,35.0,0,0,SOTON/O.Q. 3101310,7.05,8,S,hola
364,0,3,9,male,,1,0,370365,15.5,8,Q,hola
365,0,3,9,male,30.0,0,0,C 7076,7.25,8,S,hola
366,1,1,9,female,60.0,1,0,110813,75.25,D37,C,hola
367,1,3,9,female,,0,0,2626,7.2292,8,C,hola
368,1,3,9,female,,0,0,14313,7.75,8,Q,hola
369,1,1,9,female,24.0,0,0,PC 17477,69.3,B35,C,hola
370,1,1,9,male,25.0,1,0,11765,55.4417,E50,C,hola
371,0,3,9,male,18.0,1,0,3101267,6.4958,8,S,hola
372,0,3,9,male,19.0,0,0,323951,8.05,8,S,hola
373,0,1,9,male,22.0,0,0,PC 17760,135.6333,8,C,hola
374,0,3,9,female,3.0,3,1,349909,21.075,8,S,hola
375,1,1,9,female,,1,0,PC 17604,82.1708,8,C,hola
376,1,3,9,female,22.0,0,0,C 7077,7.25,8,S,hola
377,0,1,9,male,27.0,0,2,113503,211.5,C82,C,hola
378,0,3,9,male,20.0,0,0,2648,4.0125,8,C,hola
379,0,3,9,male,19.0,0,0,347069,7.775,8,S,hola
380,1,1,9,female,42.0,0,0,PC 17757,227.525,8,C,hola
381,1,3,9,female,1.0,0,2,2653,15.7417,8,C,hola
382,0,3,9,male,32.0,0,0,STON/O 2. 3101293,7.925,8,S,hola
383,1,1,9,female,35.0,1,0,113789,52.0,8,S,hola
384,0,3,9,male,,0,0,349227,7.8958,8,S,hola
385,0,2,9,male,18.0,0,0,S.O.C. 14879,73.5,8,S,hola
386,0,3,9,male,1.0,5,2,CA 2144,46.9,8,S,hola
387,1,2,9,female,36.0,0,0,27849,13.0,8,S,hola
388,0,3,9,male,,0,0,367655,7.7292,8,Q,hola
389,1,2,9,female,17.0,0,0,SC 1748,12.0,8,C,hola
390,1,1,9,male,36.0,1,2,113760,120.0,B96 B98,S,hola
391,1,3,9,male,21.0,0,0,350034,7.7958,8,S,hola
392,0,3,9,male,28.0,2,0,3101277,7.925,8,S,hola
393,1,1,9,female,23.0,1,0,35273,113.275,D36,C,hola
394,1,3,9,female,24.0,0,2,PP 9549,16.7,G6,S,hola
395,0,3,9,male,22.0,0,0,350052,7.7958,8,S,hola
396,0,3,9,female,31.0,0,0,350407,7.8542,8,S,hola
397,0,2,9,male,46.0,0,0,28403,26.0,8,S,hola
398,0,2,9,male,23.0,0,0,244278,10.5,8,S,hola
399,1,2,9,female,28.0,0,0,240929,12.65,8,S,hola
400,1,3,9,male,39.0,0,0,STON/O 2. 3101289,7.925,8,S,hola
401,0,3,9,male,26.0,0,0,341826,8.05,8,S,hola
402,0,3,9,female,21.0,1,0,4137,9.825,8,S,hola
403,0,3,9,male,28.0,1,0,STON/O2. 3101279,15.85,8,S,hola
404,0,3,9,female,20.0,0,0,315096,8.6625,8,S,hola
405,0,2,9,male,34.0,1,0,28664,21.0,8,S,hola
406,0,3,9,male,51.0,0,0,347064,7.75,8,S,hola
407,1,2,9,male,3.0,1,1,29106,18.75,8,S,hola
408,0,3,9,male,21.0,0,0,312992,7.775,8,S,hola
409,0,3,9,female,,3,1,4133,25.4667,8,S,hola
410,0,3,9,male,,0,0,349222,7.8958,8,S,hola
411,0,3,9,male,,0,0,394140,6.8583,8,Q,hola
412,1,1,9,female,33.0,1,0,19928,90.0,C78,Q,hola
413,0,2,9,male,,0,0,239853,0.0,8,S,hola
414,1,3,9,male,44.0,0,0,STON/O 2. 3101269,7.925,8,S,hola
415,0,3,9,female,,0,0,343095,8.05,8,S,hola
416,1,2,9,female,34.0,1,1,28220,32.5,8,S,hola
417,1,2,9,female,18.0,0,2,250652,13.0,8,S,hola
418,0,2,9,male,30.0,0,0,28228,13.0,8,S,hola
419,0,3,9,female,10.0,0,2,345773,24.15,8,S,hola
420,0,3,9,male,,0,0,349254,7.8958,8,C,hola
421,0,3,9,male,21.0,0,0,A/5. 13032,7.7333,8,Q,hola
422,0,3,9,male,29.0,0,0,315082,7.875,8,S,hola
423,0,3,9,female,28.0,1,1,347080,14.4,8,S,hola
424,0,3,9,male,18.0,1,1,370129,20.2125,8,S,hola
425,0,3,9,male,,0,0,A/4. 34244,7.25,8,S,hola
426,1,2,9,female,28.0,1,0,2003,26.0,8,S,hola
427,1,2,9,female,19.0,0,0,250655,26.0,8,S,hola
428,0,3,9,male,,0,0,364851,7.75,8,Q,hola
429,1,3,9,male,32.0,0,0,SOTON/O.Q. 392078,8.05,E10,S,hola
430,1,1,9,male,28.0,0,0,110564,26.55,C52,S,hola
431,1,3,9,female,,1,0,376564,16.1,8,S,hola
432,1,2,9,female,42.0,1,0,SC/AH 3085,26.0,8,S,hola
433,0,3,9,male,17.0,0,0,STON/O 2. 3101274,7.125,8,S,hola
434,0,1,9,male,50.0,1,0,13507,55.9,E44,S,hola
435,1,1,9,female,14.0,1,2,113760,120.0,B96 B98,S,hola
436,0,3,9,female,21.0,2,2,W./C. 6608,34.375,8,S,hola
437,1,2,9,female,24.0,2,3,29106,18.75,8,S,hola
438,0,1,9,male,64.0,1,4,19950,263.0,C23 C25 C27,S,hola
439,0,2,9,male,31.0,0,0,C.A. 18723,10.5,8,S,hola
440,1,2,9,female,45.0,1,1,F.C.C. 13529,26.25,8,S,hola
441,0,3,9,male,20.0,0,0,345769,9.5,8,S,hola
442,0,3,9,male,25.0,1,0,347076,7.775,8,S,hola
443,1,2,9,female,28.0,0,0,230434,13.0,8,S,hola
444,1,3,9,male,,0,0,65306,8.1125,8,S,hola
445,1,1,9,male,4.0,0,2,33638,81.8583,A34,S,hola
446,1,2,9,female,13.0,0,1,250644,19.5,8,S,hola
447,1,1,9,male,34.0,0,0,113794,26.55,8,S,hola
448,1,3,9,female,5.0,2,1,2666,19.2583,8,C,hola
449,1,1,9,male,52.0,0,0,113786,30.5,C104,S,hola
450,0,2,9,male,36.0,1,2,C.A. 34651,27.75,8,S,hola
451,0,3,9,male,,1,0,65303,19.9667,8,S,hola
452,0,1,9,male,30.0,0,0,113051,27.75,C111,C,hola
453,1,1,9,male,49.0,1,0,17453,89.1042,C92,C,hola
454,0,3,9,male,,0,0,A/5 2817,8.05,8,S,hola
455,1,3,9,male,29.0,0,0,349240,7.8958,8,C,hola
456,0,1,9,male,65.0,0,0,13509,26.55,E38,S,hola
457,1,1,9,female,,1,0,17464,51.8625,D21,S,hola
458,1,2,9,female,50.0,0,0,F.C.C. 13531,10.5,8,S,hola
459,0,3,9,male,,0,0,371060,7.75,8,Q,hola
460,1,1,9,male,48.0,0,0,19952,26.55,E12,S,hola
461,0,3,9,male,34.0,0,0,364506,8.05,8,S,hola
462,0,1,9,male,47.0,0,0,111320,38.5,E63,S,hola
463,0,2,9,male,48.0,0,0,234360,13.0,8,S,hola
464,0,3,9,male,,0,0,A/S 2816,8.05,8,S,hola
465,0,3,9,male,38.0,0,0,SOTON/O.Q. 3101306,7.05,8,S,hola
466,0,2,9,male,,0,0,239853,0.0,8,S,hola
467,0,1,9,male,56.0,0,0,113792,26.55,8,S,hola
468,0,3,9,male,,0,0,36209,7.725,8,Q,hola
469,1,3,9,female,0.75,2,1,2666,19.2583,8,C,hola
470,0,3,9,male,,0,0,323592,7.25,8,S,hola
471,0,3,9,male,38.0,0,0,315089,8.6625,8,S,hola
472,1,2,9,female,33.0,1,2,C.A. 34651,27.75,8,S,hola
473,1,2,9,female,23.0,0,0,SC/AH Basle 541,13.7917,D,C,hola
474,0,3,9,female,22.0,0,0,7553,9.8375,8,S,hola
475,0,1,9,male,,0,0,110465,52.0,A14,S,hola
476,0,2,9,male,34.0,1,0,31027,21.0,8,S,hola
477,0,3,9,male,29.0,1,0,3460,7.0458,8,S,hola
478,0,3,9,male,22.0,0,0,350060,7.5208,8,S,hola
479,1,3,9,female,2.0,0,1,3101298,12.2875,8,S,hola
480,0,3,9,male,9.0,5,2,CA 2144,46.9,8,S,hola
481,0,2,9,male,,0,0,239854,0.0,8,S,hola
482,0,3,9,male,50.0,0,0,A/5 3594,8.05,8,S,hola
483,1,3,9,female,63.0,0,0,4134,9.5875,8,S,hola
484,1,1,9,male,25.0,1,0,11967,91.0792,B49,C,hola
485,0,3,9,female,,3,1,4133,25.4667,8,S,hola
486,1,1,9,female,35.0,1,0,19943,90.0,C93,S,hola
487,0,1,9,male,58.0,0,0,11771,29.7,B37,C,hola
488,0,3,9,male,30.0,0,0,A.5. 18509,8.05,8,S,hola
489,1,3,9,male,9.0,1,1,C.A. 37671,15.9,8,S,hola
490,0,3,9,male,,1,0,65304,19.9667,8,S,hola
491,0,3,9,male,21.0,0,0,SOTON/OQ 3101317,7.25,8,S,hola
492,0,1,9,male,55.0,0,0,113787,30.5,C30,S,hola
493,0,1,9,male,71.0,0,0,PC 17609,49.5042,8,C,hola
494,0,3,9,male,21.0,0,0,A/4 45380,8.05,8,S,hola
495,0,3,9,male,,0,0,2627,14.4583,8,C,hola
496,1,1,9,female,54.0,1,0,36947,78.2667,D20,C,hola
497,0,3,9,male,,0,0,C.A. 6212,15.1,8,S,hola
498,0,1,9,female,25.0,1,2,113781,151.55,C22 C26,S,hola
499,0,3,9,male,24.0,0,0,350035,7.7958,8,S,hola
500,0,3,9,male,17.0,0,0,315086,8.6625,8,S,hola
501,0,3,9,female,21.0,0,0,364846,7.75,8,Q,hola
502,0,3,9,female,,0,0,330909,7.6292,8,Q,hola
503,0,3,9,female,37.0,0,0,4135,9.5875,8,S,hola
504,1,1,9,female,16.0,0,0,110152,86.5,B79,S,hola
505,0,1,9,male,18.0,1,0,PC 17758,108.9,C65,C,hola
506,1,2,9,female,33.0,0,2,26360,26.0,8,S,hola
507,1,1,9,male,,0,0,111427,26.55,8,S,hola
508,0,3,9,male,28.0,0,0,C 4001,22.525,8,S,hola
509,1,3,9,male,26.0,0,0,1601,56.4958,8,S,hola
510,1,3,9,male,29.0,0,0,382651,7.75,8,Q,hola
511,0,3,9,male,,0,0,SOTON/OQ 3101316,8.05,8,S,hola
512,1,1,9,male,36.0,0,0,PC 17473,26.2875,E25,S,hola
513,1,1,9,female,54.0,1,0,PC 17603,59.4,8,C,hola
514,0,3,9,male,24.0,0,0,349209,7.4958,8,S,hola
515,0,1,9,male,47.0,0,0,36967,34.0208,D46,S,hola
516,1,2,9,female,34.0,0,0,C.A. 34260,10.5,F33,S,hola
517,0,3,9,male,,0,0,371110,24.15,8,Q,hola
518,1,2,9,female,36.0,1,0,226875,26.0,8,S,hola
519,0,3,9,male,32.0,0,0,349242,7.8958,8,S,hola
520,1,1,9,female,30.0,0,0,12749,93.5,B73,S,hola
521,0,3,9,male,22.0,0,0,349252,7.8958,8,S,hola
522,0,3,9,male,,0,0,2624,7.225,8,C,hola
523,1,1,9,female,44.0,0,1,111361,57.9792,B18,C,hola
524,0,3,9,male,,0,0,2700,7.2292,8,C,hola
525,0,3,9,male,40.5,0,0,367232,7.75,8,Q,hola
526,1,2,9,female,50.0,0,0,W./C. 14258,10.5,8,S,hola
527,0,1,9,male,,0,0,PC 17483,221.7792,C95,S,hola
528,0,3,9,male,39.0,0,0,3101296,7.925,8,S,hola
529,0,2,9,male,23.0,2,1,29104,11.5,8,S,hola
530,1,2,9,female,2.0,1,1,26360,26.0,8,S,hola
531,0,3,9,male,,0,0,2641,7.2292,8,C,hola
532,0,3,9,male,17.0,1,1,2690,7.2292,8,C,hola
533,1,3,9,female,,0,2,2668,22.3583,8,C,hola
534,0,3,9,female,30.0,0,0,315084,8.6625,8,S,hola
535,1,2,9,female,7.0,0,2,F.C.C. 13529,26.25,8,S,hola
536,0,1,9,male,45.0,0,0,113050,26.55,B38,S,hola
537,1,1,9,female,30.0,0,0,PC 17761,106.425,8,C,hola
538,0,3,9,male,,0,0,364498,14.5,8,S,hola
539,1,1,9,female,22.0,0,2,13568,49.5,B39,C,hola
540,1,1,9,female,36.0,0,2,WE/P 5735,71.0,B22,S,hola
541,0,3,9,female,9.0,4,2,347082,31.275,8,S,hola
542,0,3,9,female,11.0,4,2,347082,31.275,8,S,hola
543,1,2,9,male,32.0,1,0,2908,26.0,8,S,hola
544,0,1,9,male,50.0,1,0,PC 17761,106.425,C86,C,hola
545,0,1,9,male,64.0,0,0,693,26.0,8,S,hola
546,1,2,9,female,19.0,1,0,2908,26.0,8,S,hola
547,1,2,9,male,,0,0,SC/PARIS 2146,13.8625,8,C,hola
548,0,3,9,male,33.0,1,1,363291,20.525,8,S,hola
549,1,2,9,male,8.0,1,1,C.A. 33112,36.75,8,S,hola
550,1,1,9,male,17.0,0,2,17421,110.8833,C70,C,hola
551,0,2,9,male,27.0,0,0,244358,26.0,8,S,hola
552,0,3,9,male,,0,0,330979,7.8292,8,Q,hola
553,1,3,9,male,22.0,0,0,2620,7.225,8,C,hola
554,1,3,9,female,22.0,0,0,347085,7.775,8,S,hola
555,0,1,9,male,62.0,0,0,113807,26.55,8,S,hola
556,1,1,9,female,48.0,1,0,11755,39.6,A16,C,hola
557,0,1,9,male,,0,0,PC 17757,227.525,8,C,hola
558,1,1,9,female,39.0,1,1,110413,79.65,E67,S,hola
559,1,3,9,female,36.0,1,0,345572,17.4,8,S,hola
560,0,3,9,male,,0,0,372622,7.75,8,Q,hola
561,0,3,9,male,40.0,0,0,349251,7.8958,8,S,hola
562,0,2,9,male,28.0,0,0,218629,13.5,8,S,hola
563,0,3,9,male,,0,0,SOTON/OQ 392082,8.05,8,S,hola
564,0,3,9,female,,0,0,SOTON/O.Q. 392087,8.05,8,S,hola
565,0,3,9,male,24.0,2,0,A/4 48871,24.15,8,S,hola
566,0,3,9,male,19.0,0,0,349205,7.8958,8,S,hola
567,0,3,9,female,29.0,0,4,349909,21.075,8,S,hola
568,0,3,9,male,,0,0,2686,7.2292,8,C,hola
569,1,3,9,male,32.0,0,0,350417,7.8542,8,S,hola
570,1,2,9,male,62.0,0,0,S.W./PP 752,10.5,8,S,hola
571,1,1,9,female,53.0,2,0,11769,51.4792,C101,S,hola
572,1,1,9,male,36.0,0,0,PC 17474,26.3875,E25,S,hola
573,1,3,9,female,,0,0,14312,7.75,8,Q,hola
574,0,3,9,male,16.0,0,0,A/4. 20589,8.05,8,S,hola
575,0,3,9,male,19.0,0,0,358585,14.5,8,S,hola
576,1,2,9,female,34.0,0,0,243880,13.0,8,S,hola
577,1,1,9,female,39.0,1,0,13507,55.9,E44,S,hola
578,0,3,9,female,,1,0,2689,14.4583,8,C,hola
579,1,3,9,male,32.0,0,0,STON/O 2. 3101286,7.925,8,S,hola
580,1,2,9,female,25.0,1,1,237789,30.0,8,S,hola
581,1,1,9,female,39.0,1,1,17421,110.8833,C68,C,hola
582,0,2,9,male,54.0,0,0,28403,26.0,8,S,hola
583,0,1,9,male,36.0,0,0,13049,40.125,A10,C,hola
584,0,3,9,male,,0,0,3411,8.7125,8,C,hola
585,1,1,9,female,18.0,0,2,110413,79.65,E68,S,hola
586,0,2,9,male,47.0,0,0,237565,15.0,8,S,hola
587,1,1,9,male,60.0,1,1,13567,79.2,B41,C,hola
588,0,3,9,male,22.0,0,0,14973,8.05,8,S,hola
589,0,3,9,male,,0,0,A./5. 3235,8.05,8,S,hola
590,0,3,9,male,35.0,0,0,STON/O 2. 3101273,7.125,8,S,hola
591,1,1,9,female,52.0,1,0,36947,78.2667,D20,C,hola
592,0,3,9,male,47.0,0,0,A/5 3902,7.25,8,S,hola
593,0,3,9,female,,0,2,364848,7.75,8,Q,hola
594,0,2,9,male,37.0,1,0,SC/AH 29037,26.0,8,S,hola
595,0,3,9,male,36.0,1,1,345773,24.15,8,S,hola
596,1,2,9,female,,0,0,248727,33.0,8,S,hola
597,0,3,9,male,49.0,0,0,LINE,0.0,8,S,hola
598,0,3,9,male,,0,0,2664,7.225,8,C,hola
599,1,1,9,male,49.0,1,0,PC 17485,56.9292,A20,C,hola
600,1,2,9,female,24.0,2,1,243847,27.0,8,S,hola
601,0,3,9,male,,0,0,349214,7.8958,8,S,hola
602,0,1,9,male,,0,0,113796,42.4,8,S,hola
603,0,3,9,male,44.0,0,0,364511,8.05,8,S,hola
604,1,1,9,male,35.0,0,0,111426,26.55,8,C,hola
605,0,3,9,male,36.0,1,0,349910,15.55,8,S,hola
606,0,3,9,male,30.0,0,0,349246,7.8958,8,S,hola
607,1,1,9,male,27.0,0,0,113804,30.5,8,S,hola
608,1,2,9,female,22.0,1,2,SC/Paris 2123,41.5792,8,C,hola
609,1,1,9,female,40.0,0,0,PC 17582,153.4625,C125,S,hola
610,0,3,9,female,39.0,1,5,347082,31.275,8,S,hola
611,0,3,9,male,,0,0,SOTON/O.Q. 3101305,7.05,8,S,hola
612,1,3,9,female,,1,0,367230,15.5,8,Q,hola
613,0,3,9,male,,0,0,370377,7.75,8,Q,hola
614,0,3,9,male,35.0,0,0,364512,8.05,8,S,hola
615,1,2,9,female,24.0,1,2,220845,65.0,8,S,hola
616,0,3,9,male,34.0,1,1,347080,14.4,8,S,hola
617,0,3,9,female,26.0,1,0,A/5. 3336,16.1,8,S,hola
618,1,2,9,female,4.0,2,1,230136,39.0,F4,S,hola
619,0,2,9,male,26.0,0,0,31028,10.5,8,S,hola
620,0,3,9,male,27.0,1,0,2659,14.4542,8,C,hola
621,1,1,9,male,42.0,1,0,11753,52.5542,D19,S,hola
622,1,3,9,male,20.0,1,1,2653,15.7417,8,C,hola
623,0,3,9,male,21.0,0,0,350029,7.8542,8,S,hola
624,0,3,9,male,21.0,0,0,54636,16.1,8,S,hola
625,0,1,9,male,61.0,0,0,36963,32.3208,D50,S,hola
626,0,2,9,male,57.0,0,0,219533,12.35,8,Q,hola
627,1,1,9,female,21.0,0,0,13502,77.9583,D9,S,hola
628,0,3,9,male,26.0,0,0,349224,7.8958,8,S,hola
629,0,3,9,male,,0,0,334912,7.7333,8,Q,hola
630,1,1,9,male,80.0,0,0,27042,30.0,A23,S,hola
631,0,3,9,male,51.0,0,0,347743,7.0542,8,S,hola
632,1,1,9,male,32.0,0,0,13214,30.5,B50,C,hola
633,0,1,9,male,,0,0,112052,0.0,8,S,hola
634,0,3,9,female,9.0,3,2,347088,27.9,8,S,hola
635,1,2,9,female,28.0,0,0,237668,13.0,8,S,hola
636,0,3,9,male,32.0,0,0,STON/O 2. 3101292,7.925,8,S,hola
637,0,2,9,male,31.0,1,1,C.A. 31921,26.25,8,S,hola
638,0,3,9,female,41.0,0,5,3101295,39.6875,8,S,hola
639,0,3,9,male,,1,0,376564,16.1,8,S,hola
640,0,3,9,male,20.0,0,0,350050,7.8542,8,S,hola
641,1,1,9,female,24.0,0,0,PC 17477,69.3,B35,C,hola
642,0,3,9,female,2.0,3,2,347088,27.9,8,S,hola
643,1,3,9,male,,0,0,1601,56.4958,8,S,hola
644,1,3,9,female,0.75,2,1,2666,19.2583,8,C,hola
645,1,1,9,male,48.0,1,0,PC 17572,76.7292,D33,C,hola
646,0,3,9,male,19.0,0,0,349231,7.8958,8,S,hola
647,1,1,9,male,56.0,0,0,13213,35.5,A26,C,hola
648,0,3,9,male,,0,0,S.O./P.P. 751,7.55,8,S,hola
649,1,3,9,female,23.0,0,0,CA. 2314,7.55,8,S,hola
650,0,3,9,male,,0,0,349221,7.8958,8,S,hola
651,1,2,9,female,18.0,0,1,231919,23.0,8,S,hola
652,0,3,9,male,21.0,0,0,8475,8.4333,8,S,hola
653,1,3,9,female,,0,0,330919,7.8292,8,Q,hola
654,0,3,9,female,18.0,0,0,365226,6.75,8,Q,hola
655,0,2,9,male,24.0,2,0,S.O.C. 14879,73.5,8,S,hola
656,0,3,9,male,,0,0,349223,7.8958,8,S,hola
657,0,3,9,female,32.0,1,1,364849,15.5,8,Q,hola
658,0,2,9,male,23.0,0,0,29751,13.0,8,S,hola
659,0,1,9,male,58.0,0,2,35273,113.275,D48,C,hola
660,1,1,9,male,50.0,2,0,PC 17611,133.65,8,S,hola
661,0,3,9,male,40.0,0,0,2623,7.225,8,C,hola
662,0,1,9,male,47.0,0,0,5727,25.5875,E58,S,hola
663,0,3,9,male,36.0,0,0,349210,7.4958,8,S,hola
664,1,3,9,male,20.0,1,0,STON/O 2. 3101285,7.925,8,S,hola
665,0,2,9,male,32.0,2,0,S.O.C. 14879,73.5,8,S,hola
666,0,2,9,male,25.0,0,0,234686,13.0,8,S,hola
667,0,3,9,male,,0,0,312993,7.775,8,S,hola
668,0,3,9,male,43.0,0,0,A/5 3536,8.05,8,S,hola
669,1,1,9,female,,1,0,19996,52.0,C126,S,hola
670,1,2,9,female,40.0,1,1,29750,39.0,8,S,hola
671,0,1,9,male,31.0,1,0,F.C. 12750,52.0,B71,S,hola
672,0,2,9,male,70.0,0,0,C.A. 24580,10.5,8,S,hola
673,1,2,9,male,31.0,0,0,244270,13.0,8,S,hola
674,0,2,9,male,,0,0,239856,0.0,8,S,hola
675,0,3,9,male,18.0,0,0,349912,7.775,8,S,hola
676,0,3,9,male,24.5,0,0,342826,8.05,8,S,hola
677,1,3,9,female,18.0,0,0,4138,9.8417,8,S,hola
678,0,3,9,female,43.0,1,6,CA 2144,46.9,8,S,hola
679,1,1,9,male,36.0,0,1,PC 17755,512.3292,B51 B53 B55,C,hola
680,0,3,9,female,,0,0,330935,8.1375,8,Q,hola
681,1,1,9,male,27.0,0,0,PC 17572,76.7292,D49,C,hola
682,0,3,9,male,20.0,0,0,6563,9.225,8,S,hola
683,0,3,9,male,14.0,5,2,CA 2144,46.9,8,S,hola
684,0,2,9,male,60.0,1,1,29750,39.0,8,S,hola
685,0,2,9,male,25.0,1,2,SC/Paris 2123,41.5792,8,C,hola
686,0,3,9,male,14.0,4,1,3101295,39.6875,8,S,hola
687,0,3,9,male,19.0,0,0,349228,10.1708,8,S,hola
688,0,3,9,male,18.0,0,0,350036,7.7958,8,S,hola
689,1,1,9,female,15.0,0,1,24160,211.3375,B5,S,hola
690,1,1,9,male,31.0,1,0,17474,57.0,B20,S,hola
691,1,3,9,female,4.0,0,1,349256,13.4167,8,C,hola
692,1,3,9,male,,0,0,1601,56.4958,8,S,hola
693,0,3,9,male,25.0,0,0,2672,7.225,8,C,hola
694,0,1,9,male,60.0,0,0,113800,26.55,8,S,hola
695,0,2,9,male,52.0,0,0,248731,13.5,8,S,hola
696,0,3,9,male,44.0,0,0,363592,8.05,8,S,hola
697,1,3,9,female,,0,0,35852,7.7333,8,Q,hola
698,0,1,9,male,49.0,1,1,17421,110.8833,C68,C,hola
699,0,3,9,male,42.0,0,0,348121,7.65,F G63,S,hola
700,1,1,9,female,18.0,1,0,PC 17757,227.525,C62 C64,C,hola
701,1,1,9,male,35.0,0,0,PC 17475,26.2875,E24,S,hola
702,0,3,9,female,18.0,0,1,2691,14.4542,8,C,hola
703,0,3,9,male,25.0,0,0,36864,7.7417,8,Q,hola
704,0,3,9,male,26.0,1,0,350025,7.8542,8,S,hola
705,0,2,9,male,39.0,0,0,250655,26.0,8,S,hola
706,1,2,9,female,45.0,0,0,223596,13.5,8,S,hola
707,1,1,9,male,42.0,0,0,PC 17476,26.2875,E24,S,hola
708,1,1,9,female,22.0,0,0,113781,151.55,8,S,hola
709,1,3,9,male,,1,1,2661,15.2458,8,C,hola
710,1,1,9,female,24.0,0,0,PC 17482,49.5042,C90,C,hola
711,0,1,9,male,,0,0,113028,26.55,C124,S,hola
712,1,1,9,male,48.0,1,0,19996,52.0,C126,S,hola
713,0,3,9,male,29.0,0,0,7545,9.4833,8,S,hola
714,0,2,9,male,52.0,0,0,250647,13.0,8,S,hola
715,0,3,9,male,19.0,0,0,348124,7.65,F G73,S,hola
716,1,1,9,female,38.0,0,0,PC 17757,227.525,C45,C,hola
717,1,2,9,female,27.0,0,0,34218,10.5,E101,S,hola
718,0,3,9,male,,0,0,36568,15.5,8,Q,hola
719,0,3,9,male,33.0,0,0,347062,7.775,8,S,hola
720,1,2,9,female,6.0,0,1,248727,33.0,8,S,hola
721,0,3,9,male,17.0,1,0,350048,7.0542,8,S,hola
722,0,2,9,male,34.0,0,0,12233,13.0,8,S,hola
723,0,2,9,male,50.0,0,0,250643,13.0,8,S,hola
724,1,1,9,male,27.0,1,0,113806,53.1,E8,S,hola
725,0,3,9,male,20.0,0,0,315094,8.6625,8,S,hola
726,1,2,9,female,30.0,3,0,31027,21.0,8,S,hola
727,1,3,9,female,,0,0,36866,7.7375,8,Q,hola
728,0,2,9,male,25.0,1,0,236853,26.0,8,S,hola
729,0,3,9,female,25.0,1,0,STON/O2. 3101271,7.925,8,S,hola
730,1,1,9,female,29.0,0,0,24160,211.3375,B5,S,hola
731,0,3,9,male,11.0,0,0,2699,18.7875,8,C,hola
732,0,2,9,male,,0,0,239855,0.0,8,S,hola
733,0,2,9,male,23.0,0,0,28425,13.0,8,S,hola
734,0,2,9,male,23.0,0,0,233639,13.0,8,S,hola
735,0,3,9,male,28.5,0,0,54636,16.1,8,S,hola
736,0,3,9,female,48.0,1,3,W./C. 6608,34.375,8,S,hola
737,1,1,9,male,35.0,0,0,PC 17755,512.3292,B101,C,hola
738,0,3,9,male,,0,0,349201,7.8958,8,S,hola
739,0,3,9,male,,0,0,349218,7.8958,8,S,hola
740,1,1,9,male,,0,0,16988,30.0,D45,S,hola
741,0,1,9,male,36.0,1,0,19877,78.85,C46,S,hola
742,1,1,9,female,21.0,2,2,PC 17608,262.375,B57 B59 B63 B66,C,hola
743,0,3,9,male,24.0,1,0,376566,16.1,8,S,hola
744,1,3,9,male,31.0,0,0,STON/O 2. 3101288,7.925,8,S,hola
745,0,1,9,male,70.0,1,1,WE/P 5735,71.0,B22,S,hola
746,0,3,9,male,16.0,1,1,C.A. 2673,20.25,8,S,hola
747,1,2,9,female,30.0,0,0,250648,13.0,8,S,hola
748,0,1,9,male,19.0,1,0,113773,53.1,D30,S,hola
749,0,3,9,male,31.0,0,0,335097,7.75,8,Q,hola
750,1,2,9,female,4.0,1,1,29103,23.0,8,S,hola
751,1,3,9,male,6.0,0,1,392096,12.475,E121,S,hola
752,0,3,9,male,33.0,0,0,345780,9.5,8,S,hola
753,0,3,9,male,23.0,0,0,349204,7.8958,8,S,hola
754,1,2,9,female,48.0,1,2,220845,65.0,8,S,hola
755,1,2,9,male,0.67,1,1,250649,14.5,8,S,hola
756,0,3,9,male,28.0,0,0,350042,7.7958,8,S,hola
757,0,2,9,male,18.0,0,0,29108,11.5,8,S,hola
758,0,3,9,male,34.0,0,0,363294,8.05,8,S,hola
759,1,1,9,female,33.0,0,0,110152,86.5,B77,S,hola
760,0,3,9,male,,0,0,358585,14.5,8,S,hola
761,0,3,9,male,41.0,0,0,SOTON/O2 3101272,7.125,8,S,hola
762,1,3,9,male,20.0,0,0,2663,7.2292,8,C,hola
763,1,1,9,female,36.0,1,2,113760,120.0,B96 B98,S,hola
764,0,3,9,male,16.0,0,0,347074,7.775,8,S,hola
765,1,1,9,female,51.0,1,0,13502,77.9583,D11,S,hola
766,0,1,9,male,,0,0,112379,39.6,8,C,hola
767,0,3,9,female,30.5,0,0,364850,7.75,8,Q,hola
768,0,3,9,male,,1,0,371110,24.15,8,Q,hola
769,0,3,9,male,32.0,0,0,8471,8.3625,8,S,hola
770,0,3,9,male,24.0,0,0,345781,9.5,8,S,hola
771,0,3,9,male,48.0,0,0,350047,7.8542,8,S,hola
772,0,2,9,female,57.0,0,0,S.O./P.P. 3,10.5,E77,S,hola
773,0,3,9,male,,0,0,2674,7.225,8,C,hola
774,1,2,9,female,54.0,1,3,29105,23.0,8,S,hola
775,0,3,9,male,18.0,0,0,347078,7.75,8,S,hola
776,0,3,9,male,,0,0,383121,7.75,F38,Q,hola
777,1,3,9,female,5.0,0,0,364516,12.475,8,S,hola
778,0,3,9,male,,0,0,36865,7.7375,8,Q,hola
779,1,1,9,female,43.0,0,1,24160,211.3375,B3,S,hola
780,1,3,9,female,13.0,0,0,2687,7.2292,8,C,hola
781,1,1,9,female,17.0,1,0,17474,57.0,B20,S,hola
782,0,1,9,male,29.0,0,0,113501,30.0,D6,S,hola
783,0,3,9,male,,1,2,W./C. 6607,23.45,8,S,hola
784,0,3,9,male,25.0,0,0,SOTON/O.Q. 3101312,7.05,8,S,hola
785,0,3,9,male,25.0,0,0,374887,7.25,8,S,hola
786,1,3,9,female,18.0,0,0,3101265,7.4958,8,S,hola
787,0,3,9,male,8.0,4,1,382652,29.125,8,Q,hola
788,1,3,9,male,1.0,1,2,C.A. 2315,20.575,8,S,hola
789,0,1,9,male,46.0,0,0,PC 17593,79.2,B82 B84,C,hola
790,0,3,9,male,,0,0,12460,7.75,8,Q,hola
791,0,2,9,male,16.0,0,0,239865,26.0,8,S,hola
792,0,3,9,female,,8,2,CA. 2343,69.55,8,S,hola
793,0,1,9,male,,0,0,PC 17600,30.6958,8,C,hola
794,0,3,9,male,25.0,0,0,349203,7.8958,8,S,hola
795,0,2,9,male,39.0,0,0,28213,13.0,8,S,hola
796,1,1,9,female,49.0,0,0,17465,25.9292,D17,S,hola
797,1,3,9,female,31.0,0,0,349244,8.6833,8,S,hola
798,0,3,9,male,30.0,0,0,2685,7.2292,8,C,hola
799,0,3,9,female,30.0,1,1,345773,24.15,8,S,hola
800,0,2,9,male,34.0,0,0,250647,13.0,8,S,hola
801,1,2,9,female,31.0,1,1,C.A. 31921,26.25,8,S,hola
802,1,1,9,male,11.0,1,2,113760,120.0,B96 B98,S,hola
803,1,3,9,male,0.42,0,1,2625,8.5167,8,C,hola
804,1,3,9,male,27.0,0,0,347089,6.975,8,S,hola
805,0,3,9,male,31.0,0,0,347063,7.775,8,S,hola
806,0,1,9,male,39.0,0,0,112050,0.0,A36,S,hola
807,0,3,9,female,18.0,0,0,347087,7.775,8,S,hola
808,0,2,9,male,39.0,0,0,248723,13.0,8,S,hola
809,1,1,9,female,33.0,1,0,113806,53.1,E8,S,hola
810,0,3,9,male,26.0,0,0,3474,7.8875,8,S,hola
811,0,3,9,male,39.0,0,0,A/4 48871,24.15,8,S,hola
812,0,2,9,male,35.0,0,0,28206,10.5,8,S,hola
813,0,3,9,female,6.0,4,2,347082,31.275,8,S,hola
814,0,3,9,male,30.5,0,0,364499,8.05,8,S,hola
815,0,1,9,male,,0,0,112058,0.0,B102,S,hola
816,0,3,9,female,23.0,0,0,STON/O2. 3101290,7.925,8,S,hola
817,0,2,9,male,31.0,1,1,S.C./PARIS 2079,37.0042,8,C,hola
818,0,3,9,male,43.0,0,0,C 7075,6.45,8,S,hola
819,0,3,9,male,10.0,3,2,347088,27.9,8,S,hola
820,1,1,9,female,52.0,1,1,12749,93.5,B69,S,hola
821,1,3,9,male,27.0,0,0,315098,8.6625,8,S,hola
822,0,1,9,male,38.0,0,0,19972,0.0,8,S,hola
823,1,3,9,female,27.0,0,1,392096,12.475,E121,S,hola
824,0,3,9,male,2.0,4,1,3101295,39.6875,8,S,hola
825,0,3,9,male,,0,0,368323,6.95,8,Q,hola
826,0,3,9,male,,0,0,1601,56.4958,8,S,hola
827,1,2,9,male,1.0,0,2,S.C./PARIS 2079,37.0042,8,C,hola
828,1,3,9,male,,0,0,367228,7.75,8,Q,hola
829,1,1,9,female,62.0,0,0,113572,80.0,B28,,hola
830,1,3,9,female,15.0,1,0,2659,14.4542,8,C,hola
831,1,2,9,male,0.83,1,1,29106,18.75,8,S,hola
832,0,3,9,male,,0,0,2671,7.2292,8,C,hola
833,0,3,9,male,23.0,0,0,347468,7.8542,8,S,hola
834,0,3,9,male,18.0,0,0,2223,8.3,8,S,hola
835,1,1,9,female,39.0,1,1,PC 17756,83.1583,E49,C,hola
836,0,3,9,male,21.0,0,0,315097,8.6625,8,S,hola
837,0,3,9,male,,0,0,392092,8.05,8,S,hola
838,1,3,9,male,32.0,0,0,1601,56.4958,8,S,hola
839,1,1,9,male,,0,0,11774,29.7,C47,C,hola
840,0,3,9,male,20.0,0,0,SOTON/O2 3101287,7.925,8,S,hola
841,0,2,9,male,16.0,0,0,S.O./P.P. 3,10.5,8,S,hola
842,1,1,9,female,30.0,0,0,113798,31.0,8,C,hola
843,0,3,9,male,34.5,0,0,2683,6.4375,8,C,hola
844,0,3,9,male,17.0,0,0,315090,8.6625,8,S,hola
845,0,3,9,male,42.0,0,0,C.A. 5547,7.55,8,S,hola
846,0,3,9,male,,8,2,CA. 2343,69.55,8,S,hola
847,0,3,9,male,35.0,0,0,349213,7.8958,8,C,hola
848,0,2,9,male,28.0,0,1,248727,33.0,8,S,hola
849,1,1,9,female,,1,0,17453,89.1042,C92,C,hola
850,0,3,9,male,4.0,4,2,347082,31.275,8,S,hola
851,0,3,9,male,74.0,0,0,347060,7.775,8,S,hola
852,0,3,9,female,9.0,1,1,2678,15.2458,8,C,hola
853,1,1,9,female,16.0,0,1,PC 17592,39.4,D28,S,hola
854,0,2,9,female,44.0,1,0,244252,26.0,8,S,hola
855,1,3,9,female,18.0,0,1,392091,9.35,8,S,hola
856,1,1,9,female,45.0,1,1,36928,164.8667,8,S,hola
857,1,1,9,male,51.0,0,0,113055,26.55,E17,S,hola
858,1,3,9,female,24.0,0,3,2666,19.2583,8,C,hola
859,0,3,9,male,,0,0,2629,7.2292,8,C,hola
860,0,3,9,male,41.0,2,0,350026,14.1083,8,S,hola
861,0,2,9,male,21.0,1,0,28134,11.5,8,S,hola
862,1,1,9,female,48.0,0,0,17466,25.9292,D17,S,hola
863,0,3,9,female,,8,2,CA. 2343,69.55,8,S,hola
864,0,2,9,male,24.0,0,0,233866,13.0,8,S,hola
865,1,2,9,female,42.0,0,0,236852,13.0,8,S,hola
866,1,2,9,female,27.0,1,0,SC/PARIS 2149,13.8583,8,C,hola
867,0,1,9,male,31.0,0,0,PC 17590,50.4958,A24,S,hola
868,0,3,9,male,,0,0,345777,9.5,8,S,hola
869,1,3,9,male,4.0,1,1,347742,11.1333,8,S,hola
870,0,3,9,male,26.0,0,0,349248,7.8958,8,S,hola
871,1,1,9,female,47.0,1,1,11751,52.5542,D35,S,hola
872,0,1,9,male,33.0,0,0,695,5.0,B51 B53 B55,S,hola
873,0,3,9,male,47.0,0,0,345765,9.0,8,S,hola
874,1,2,9,female,28.0,1,0,P/PP 3381,24.0,8,C,hola
875,1,3,9,female,15.0,0,0,2667,7.225,8,C,hola
876,0,3,9,male,20.0,0,0,7534,9.8458,8,S,hola
877,0,3,9,male,19.0,0,0,349212,7.8958,8,S,hola
878,0,3,9,male,,0,0,349217,7.8958,8,S,hola
879,1,1,9,female,56.0,0,1,11767,83.1583,C50,C,hola
880,1,2,9,female,25.0,0,1,230433,26.0,8,S,hola
881,0,3,9,male,33.0,0,0,349257,7.8958,8,S,hola
882,0,3,9,female,22.0,0,0,7552,10.5167,8,S,hola
883,0,2,9,male,28.0,0,0,C.A./SOTON 34068,10.5,8,S,hola
884,0,3,9,male,25.0,0,0,SOTON/OQ 392076,7.05,8,S,hola
885,0,3,9,female,39.0,0,5,382652,29.125,8,Q,hola
886,0,2,9,male,27.0,0,0,211536,13.0,8,S,hola
887,1,1,9,female,19.0,0,0,112053,30.0,B42,S,hola
888,0,3,9,female,,1,2,W./C. 6607,23.45,8,S,hola
889,1,1,9,male,26.0,0,0,111369,30.0,C148,C,hola
890,murio,3,9,male,32.0,0,0,370376,7.75,8,Q,hola
